{
  "job_id": "245_1743777532_457815808_e2b52589",
  "track_id": 245,
  "label": "church_bench",
  "frame_id": "odom",
  "stamp_sec": 1743777532,
  "stamp_nanosec": 457815808,
  "camera_info": {
    "K": [
      607.740234375,
      0.0,
      324.4923400878906,
      0.0,
      607.9013061523438,
      250.67514038085938,
      0.0,
      0.0,
      1.0
    ],
    "width": 640,
    "height": 480
  },
  "odometry": {
    "position": [
      2.879973888397217,
      -13.379700660705566,
      0.308221697807312
    ],
    "orientation": [
      -0.003269549924880266,
      0.019299563020467758,
      -0.998906672000885,
      -0.04245666041970253
    ]
  },
  "crop_bbox": [
    458,
    136,
    639,
    286
  ]
}